name,price
??? Urban Armor Gear UAG MacBook Pro 4th W/WO Touch Bar case,339.00
NEW MacBook Pro 13 13.3 A1706 A1708 Matte Frosted Hard Case Cover,28.00
APPLE MacBook Pro 13 13.3 A1278 Matte Frosted Hard Case Cover,26.00
MacBook Pro Retina 13 A1502 A1425 Matte Frosted Hard Case Cover,28.00
NEW ORIGINAL Apple MacBook Pro 13'Unibody A1278 A1322 Mid 2009 2010 ,254.40
Thunderbolt Mini Displayport DP to VGA Adapter Cable Apple MacBook Pro,31.90
Genuine Apple 60W MagSafe Power Adapter Charger A1344 MacBook Pro,170.00
Apple 60W MagSafe 2 Power Adapter (for MacBook Pro with 13-inch Retina Display,349.00
Apple 85W MagSafe 2 Power Adapter (for MacBook Pro with Retina Display) - MD50,349.00
Apple 85W MagSafe Power Adapter (for 15- and 17-inch MacBook Pro) - MC556MY/B,349.00
MacBook Pro Retina 13 13.3 A1502 A1425 Matte Frosted Hard Case Cover,80.00
Apple 13-inch MacBook Pro with Touch Bar 3.1GHz Dual-core i5 512GB,"8,899.00"
Apple 13-inch MacBook Pro with Touch Bar 3.1GHz Dual-core i5 256GB,"7,999.00"
Apple 13-inch MacBook Pro 2.3GHz Dual-core i5 256GB,"6,899.00"
Apple 13-inch MacBook Pro 2.3GHz Dual-core i5 128GB,"5,999.00"
18Pcs Opening Tools Repair Kit For Smartphone Tablet MacBook Pro Air i,82.99
STM Dux 13 Inch MacBook Pro Retina 12 Hardshell Case,210.94
STM Dux 13 Inch Macbook Pro Retina 12 Hardshell Case Black - stm-122-094L-01,210.94
Genuine Apple 85W MagSafe 2 Power Adapter Charger A1424 MacBook Pro 15,170.00
MacBook Pro 13 13.3 A1278 Matte Frosted Hard Case Cover,28.00
MacBook Air Pro 13 13.3 MOSHI MUSE Microfiber Sleeve Bag Case Cover,45.00
MacBook Pro Retina 15 15.4 A1398 Matte Frosted Hard Case Cover,28.00
MacBook Pro Retina 13 13.3 A1502 A1425 Matte Frosted Hard Case Cover,28.00
Laptop MacBook Air Pro Retina 11 12 13 14 15.6 Sleeve Bag Case Cover,48.90
Think Tank Photo My 2nd Brain 13-fit a MacBook Pro/Air? 13??? + any iPad,475.00
Apple Macbook Pro 13' Monocozzi Lucid Matt Translucent Hard Shell Case,168.00
Apple MacBook Pro 13 i5 2.4GHz 1TB 6Gb Ram Notebook Rm2180,"2,180.00"
"APPLE MACBOOK Pro MPXR2ZP/A 13.3"" NB SIL (i5 2.3GHz,8GB,128GB,INTEL)","5,880.00"
MacBook Air 11.6 12 13.3 15 Pro Crystal Case Cover Casing + Free Gifts,47.90
Thunderbolt Mini Displayport DP to VGA Adapter Cable Apple MacBook Pro,59.90
Soft Keyboard Protector Cover Skin for MacBook Pro / Air 13'/15',49.00
Soft Keyboard Protector Cover Skin for MacBook Pro / Air 13'/15',49.00
New ORI Original Apple MacBook Pro 13' A1278 A1322 Mid 2009 Battery,399.00
MacBook Pro Retina 13 13.3 A1502 A1425 Matte Frosted Hard Case Cover,79.90
Hello Kitty MacBook Air Pro Case Cover Casing + Keyboard Protector,58.90
Cartinoe Macbook Pro Air 11 12 13 15 Sleeve Case Charger Bag Cover,87.90
Apple MacBook Air 11 12 13 15 Pro Retina Case Cover Casing Leather Bag,68.90
"Apple MacBook Pro 15"" 17"" Series iBook G3 G4 12"" Battery",329.00
MacBook Air Pro 13 inch PU Leather Casing Case Cover,53.80
MacBook Air Pro 15 inch PU Leather Casing Case Cover,63.80
"Apple Macbook Pro MPXR2ZP/A 13.3"" Laptop Silver (i5 2.3GHz, 8GB, 128GB, Intel,","5,883.00"
Macbook PRO 13 Inch Designer Case - UK Flag,89.00
Macbook PRO 13 Inch Designer Case - Solar System,89.00
Macbook PRO 13 Inch Designer Case - American Flag,89.00
Emotal Apple MacBook 11 12 13 14 15 Air Pro Retina Bag Case Cover,69.90
Apple MacBook Air Pro Retina 11 12 13 14 15 Sleeve Bag Case Cover,69.90
Macbook Air Pro Stylish Fashion Unique Casing Case Cover Laptop Bag,69.90
Macbook Pro/Air 13inch protective shell,69.90
Apple laptop bag macbook Air/Pro protective cover,99.90
Apple macbook Air/Pro kraft paper protective sleeve,99.90
Macbook Pro/Air Sleeve 11/12/13/15 inch laptop bag,79.90
Apple laptop bag Macbook Air 11/12/13/15inch Pro Sleeve,89.90
Macbook Air/Pro 11/12/13.3/15 inch shockproof protective sleeve,69.90
Macbook Air Pro 13 inch - Laptop Bag Casing Case Cover *Free small bag,59.90
Macbook Air Pro 11 inch - Laptop Bag Casing Case Cover,69.90
Apple macbook air/pro wooden docking stand,99.90
MacBook Air Pro 13 inch PU Leather Casing Case Cover,53.80
MacBook Air Pro 15 inch PU Leather Casing Case Cover,53.80
2016 Apple Macbook Pro 12/13/15 inch leather protective sleeve,69.90
"Apple MacBook Pro / Retina 15"" Original Adidas Sleeve Case",199.00
"Apple MacBook Pro / Retina 13"" Original Adidas Sleeve Case",199.00
MacBook Air Retina 11.6 12 13.3 15 Pro Canvas Bag Case Cover Casing,51.90
2pcs@ MacBook Air Retina 11.6 12 13.3 15 Pro Clear Screen Protector,29.90
Macbook Pro/Air aluminium vertical storage stand,129.90
MacBook Air Pro 15 inch PU Leather Casing Case Cover,53.80
MacBook Air Pro 13 inch PU Leather Casing Case Cover,53.80
Macbook Pro 13 Inch 9H Premium Tempered Glass,69.00
Macbook Pro Retina 13 Inch A1706 / A1708 9H Premium Tempered Glass,69.00
Macbook Pro Retina 13 Inch A1706 / A1708 Matte Hard Cover Case - Black,69.00
Macbook Pro Retina 13 Inch A1706 / A1708 Matte Hard Cover Case - White,69.00
Macbook Pro Retina 13 A1706/A1708 Screen Protector (Anti-Glare/Clear) ,39.00
"Macbook Pro Retina 13"" 15"" A1706/A1707/A1708 Keyboard Silicone Cover",15.00
"Macbook Pro Retina 13"" 15"" A1706/A1707/A1708 Silicone Anti-Dust Plugs",10.00
Macbook Pro Retina 15 Inch A1707 9H Premium Tempered Glass,79.00
Macbook Pro Retina 15 Inch A1707 Screen Protector (Anti-Glare / Clear),39.00
MacBook Pro Retina 15 15.4 A1398 Matte Frosted Hard Case Cover,90.00
MacBook Pro Retina 13 13.3 A1502 A1425 Matte Frosted Hard Case Cover,80.00
MacBook Pro Retina 15 15.4 A1398 Matte Frosted Hard Case Cover,90.00
Thunderbolt Mini Displayport DP to VGA Adapter Cable Apple MacBook Pro,59.90
DC Power Board Cable for MacBook Pro A1278 A1286 A1297 820-2565-A,67.99
Thunderbolt Mini Displayport DP to VGA Adapter Cable Apple MacBook Pro,79.00
Bottom Screws for Macbook Pro Retina A1398 A1425 A1502 Screw Replace,10.30
Macbook Air/Pro 11/12/13.3/15 inch case casing cover,72.80
Macbook Air/Pro 11/12/13.3/15 inch shockproof protective sleeve,102.80
Apple Macbook Pro 12 / 13 /15 inch leather casing case cover,69.90
Repair Replacement Screws for Macbook Pro A1278 A1286 A1297 MBP Screw,10.30
MacBook Air 11.6 12 13.3 15 Pro Case Cover Casing + Keyboard Protector,38.90
Apple MacBook Pro 13 2014 RETINA i5 2.6 GHz 8Gb Ram Notebook Rm3480,"3,480.00"
Apple MacBook Pro 15 A1398 A1417 (2012-2013) Battery,380.00
Mini Display Port Thunderbolt to HDMI Cable Adapter Apple MacBook Pro,18.90
Apple Macbook Pro 15 A1398 A1417 20v 4.22a 5Pin Magnet Adapter Charger,199.00
Apple MacBook Pro  A1278 A1286 A1297 Airport Extreme Card 607-4147-A,149.90
Apple A1342 MacBook Pro 13' Laptop CPU Cooling Fan,99.00
adidas Originals Sleeve Case for Apple MacBook Pro / Retina 13',185.00
adidas Originals Sleeve Case for Apple MacBook Pro / Retina 15',199.00
Innowatt Pure Skin series Keyboard Protector for Macbook Air & Pro ,59.00
14 INCH LAPTOP BAG TABLET ZIPPER POUCH FOR MACBOOK AIR / PRO,59.00
14 INCH LAPTOP BAG TABLET ZIPPER POUCH FOR MACBOOK AIR / PRO,59.00
"MacBook Pro 15"" A1286 Front Display Glass",69.90
"MacBook Pro 13"" A1278 Front Display Glass",69.90
"Apple MacBook Pro 13-inch 2.3GHz Dual-core i5 MPXT2ZP / A (256GB, Space Grey, ","6,869.86"
"Apple MacBook Pro 13-inch 2.3GHz Dual-core i5 MPXQ2ZP / A (128GB, Space Grey, ","5,974.16"
Apple MacBook Pro with Touch Bar 13-inch 3.1GHz Dual-core i5 MPXW2ZP / A (512G,"8,876.44"
Apple MacBook Pro with Touch Bar 13-inch 3.1GHz Dual-core i5 MPXV2ZP / A (256G,"7,980.74"
"Apple Macbook Pro A1278 13"" Keyboard",289.00
Genuine ~ Apple MacBook Pro 13.3 LED Screen LP133WX3-TLA5,379.00
"APPLE MacBook Pro 15"" A1286 Keyboard US with Back Light",99.90
"APPLE MacBook Pro 15"" A1286 Keyboard US 2009-2012",79.90
"APPLE MacBook Pro 13"" A1278 Keyboard US with Back Light",119.90
Apple Retina Macbook Pro A1398 A1425 WiFi BT Bluetooth AirPort Card,190.80
"MacBook Pro 13-15-17 inch, A278 A1286 A1297 Bluetooth Wifi Card",190.80
Matte Protective Hard Case for Macbook Retina Pro 13.3 inch - Rose Gol,49.00
Matte Protective Hard Case for Macbook Retina Pro 15.4 inch - Rose Gol,49.00
13.3-inch Sleeve Bag Cover Case Macbook Pro / Air - Tiffany blue,29.00
13.3-inch Sleeve Bag Cover Case for Laptop Macbook Pro / Air - Pink,29.00
13.3-inch Sleeve Bag Cover Case Macbook Pro / Air - Light Blue,29.00
15.4-inch Sleeve Bag Cover Case for Laptop Macbook Pro - Black,29.00
15.4-inch Sleeve Bag Cover Case for Laptop Macbook Pro - Tiffany blue,29.00
15.4-inch Sleeve Bag Cover Case for Laptop Macbook Pro - Purple,29.00
15.4-inch Sleeve Bag Cover Case for Laptop Macbook Pro - Pink,29.00
15.4-inch Sleeve Bag Cover Case for Laptop Macbook Pro - Light Blue,29.00
Ultra Thin Silicone Rubber Keyboard Skin Cover for Macbook Air / Pro 13 / 15 i,17.00
Ultra Thin Silicone Rubber Keyboard Skin Cover for Macbook Air / Pro 13 / 15 i,17.00
Ultra Thin Silicone Rubber Keyboard Skin Cover for Macbook Air / Pro 13 / 15 i,19.00
Silk Pattern Leather Protective Hard Case for Macbook Pro 15.4 inch - Gold,69.00
"MOSHI USB-C to HDMI Adapter 4K 60 fps Apple MacBook PRO 13"" 15"" 2016",189.00
85W Apple Macbook Pro 15 17 MagSafe 2 Adapter Charger 20V 4.25A,112.30
Screen Protector For Macbook Pro Retina 13.3 inch - Transparent,19.00
"(Import) Original Apple USB SuperDrive for MacBook Pro with Retina display, Ma",309.00
Macmosphere Apple MacBook Matte case for MacBook Air & Pro - Frost,99.00
Macmosphere Apple MacBook Matte case for MacBook Air & Pro - Cobalt,99.00
Macmosphere Apple MacBook Matte case for MacBook Air & Pro - Black,99.00
Macmosphere Apple MacBook Matte case for MacBook Air & Pro - Crimson,99.00
Macmosphere Apple MacBook case for MacBook Air & Pro - Clear Black,99.00
Macmosphere Apple MacBook case for MacBook Air & Pro - Yellow,99.00
Macmosphere Apple MacBook case for MacBook Air & Pro - Red,99.00
Macmosphere Apple MacBook case for MacBook Air & Pro - Dark Blue,99.00
Macmosphere Apple MacBook case for MacBook Air & MacBook Pro - Clear,99.00
Macbook PRO 13 Inch A1278 Art Rubberized Case - Wood Grain Dark Brown,69.00
Macbook PRO Retina 13 Inch A1502/A1425 Art Case-Wood Grain Brown,69.00
Macbook PRO 13 Inch A1278 Art Graphic Hard Case-Wood Grain Brown,69.00
Macbook PRO Retina 13 Inch A1502/A1425 Art Case-Wood Grain Blue,69.00
Macbook PRO 13 Inch A1278 Art Graphic Hard Case-Wood Grain Blue,69.00
Macbook PRO Retina 13 Inch A1502/A1425 Art Case-Rainbow Stripes,69.00
Macbook PRO 13 Inch A1278 Art Graphic Hard Case-Rainbow Stripes,69.00
Macbook PRO Retina 13 Inch A1502/A1425 Art Case-Rainbow Painting,69.00
Macbook PRO 13 Inch A1278 Art Graphic Hard Case-Rainbow Painting,69.00
Macbook PRO Retina 13 Inch A1502/A1425 Art Case-Idea Green,69.00
Macbook PRO 13 Inch A1278 Art Graphic Hard Case-Idea Green,69.00
Macbook PRO Retina 13 Inch A1502/A1425 Art Case-Idea Black,69.00
Macbook PRO 13 Inch A1278 Art Graphic Hard Case-Idea Black,69.00
Macbook PRO Retina 13 Inch A1502/A1425 Art Case-Galaxy Red,69.00
Macbook PRO 13 Inch A1278 Art Graphic Rubberized Hard Case-Galaxy Red,69.00
Macbook PRO Retina 13 Inch A1502/A1425 Art Case - Colorful Painting,69.00
Macbook PRO 13 Inch A1278 Art Graphic Hard Case - Colorful Painting,69.00
Macbook PRO Retina 13 Inch A1502/A1425 Art Case - Blue Painting,69.00
Macbook PRO 13 Inch A1278 Art Graphic Hard Case - Blue Painting,69.00
Macbook PRO Retina 13 / 15 Inch Anti Dust Silicone Rubber Port Plugs,10.00
Macbook PRO 13 Inch / 15 Inch Anti Dust Silicone Rubber Port Plugs,10.00
Mini DisplayPort DP To HDMI HDTV AV TV / VGA Adapter Cable For Macbook Pro/Ima,49.90
Mini DisplayPort to DVI Female Adaptor 20cm for Macbook Air Pro Surface Pro,49.90
Mini DisplayPort to VGA Adapter TV AV Cable for iMac Mac Mini Mac Pro MacBook ,49.90
Mini DisplayPort DP To HDMI HDTV AV TV / VGA Adapter Cable For Macbook Pro/Ima,49.90
Thunderbolt Mini DisplayPort male to HDMI male Cable Adapter For MacBook Pro A,49.90
60W AC Power Adaptor for Apple 13' MacBook Pro UK 16.5V 3.65A,91.69
MOSHI Protective Case Memory Foam Codex 13 Apple MacBook Pro 13',299.00
TWELVE SOUTH BookBook Leather Case | Apple MacBook PRO 13' - Red,349.00
TWELVE SOUTH BookBook Leather Case | Apple MacBook PRO 15' - Red,369.00
TWELVE SOUTH BookBook Leather Case | Apple MacBook PRO 15' - Brown,369.00
RAIN DESIGN iLap Laptop Stand Pad | Apple MacBook | PRO 13',239.00
RAIN DESIGN iLap Laptop Stand Pad | Apple MacBook PRO 15',279.00
CAPDASE ProKeeper Carria Bag Case | Apple MacBook Air PRO 13' - Khaki,119.00
CAPDASE ProKeeper Carria Bag Case | Apple MacBook Air PRO 15' - Red,139.00
CAPDASE ProKeeper Carria Bag Case | Apple MacBook Air PRO 15' - Purple,139.00
CAPDASE ProKeeper Carria Bag Case | Apple MacBook Air PRO 15' - Khaki,139.00
CAPDASE ProKeeper Carria Bag Case | Apple MacBook Air PRO 15' - Blue,139.00
CAPDASE ProKeeper Carria Bag Case | Apple MacBook Air PRO 15' - Black,139.00
RAIN DESIGN iLevel 2 Laptop Notebook Stand | Apple MacBook Air PRO,349.00
MOSHI Mini Display Port to HDMI 4K Adapter Apple MacBook PRO Air 13 15,159.00
MOSHI Venturo Backpack Laptop Bag BK | Apple Macbook PRO Air 13' 15',499.00
MOSHI Venturo Backpack Laptop Bag STBL | Apple Macbook PRO Air 13' 15',499.00
MOSHI Venturo Backpack Laptop Bag NVBL | Apple Macbook PRO Air 13' 15',599.00
MOSHI Venturo Backpack Laptop Bag TTGY | Apple Macbook PRO Air 13' 15',599.00
MOSHI Aerio Messenger Laptop Bag Black | Apple Macbook PRO Air 13' 15',599.00
MOSHI Aerio Messenger Laptop Bag Grey | Apple Macbook PRO Air 13' 15',599.00
MOSHI Mini Display Port to HDMI Cable 2M Apple MacBook PRO Air 13 15,189.00
MONOCOZZI Translucent Hard Shell Case Apple Macbook PRO 13' White,149.00
MONOCOZZI Translucent Hard Shell Case Apple Macbook PRO 13' Black,149.00
MOSHI Laptop Backpack Bag Helios Lite Blue Apple MacBook Air Pro 13',499.00
MOSHI Laptop Backpack Bag Helios Lite Grey Apple MacBook Air Pro 13',499.00
MOSHI Laptop Backpack Bag Helios Black Apple MacBook Air Pro 13' 15',699.00
MOSHI Laptop Backpack Bag Helios Brown Apple MacBook Air Pro 13' 15',699.00
MOSHI USB-C to HDMI Adapter 4K 60 fps Apple MacBook PRO 2016,189.00
MOSHI USB-C Multiport Adapter USB-C+HDMI+USB Apple MacBook PRO 2016 GD,319.00
MOSHI USB-C Multiport Adapter USB-C+HDMI+USB Apple MacBook PRO 2016 SV,319.00
MOSHI USB-C Multiport Adapter USB-C+HDMI+USB Apple MacBook PRO 2016 RS,319.00
"MOSHI Protective Case Memory Foam Codex 15R Apple MacBook Pro 15""",369.00
MOSHI Protective Case Memory Foam Codex 13R Apple MacBook Pro 13' TT,339.00
Apple MacBook Pro 13' A1322 A1278 MC724 Replacement Battery Grade AA,175.00
MACBOOK PRO i7 A1286 PARTS FOR SALES,999.00
Emotal MacBook Air 11 13 15 Pro Retina Clear Screen Protector 2pcs,37.90
MacBook Air 11.6 13.3 Pro Retina Palm Protector Wrist Rest skin anti,27.90
APPLE A1175 - MACBOOK PRO 15 SERIES LAPTOP BATTERY,159.00
APPLE A1189 - MACBOOK PRO 17 SERIES LAPTOP BATTERY,190.80
APPLE A1281- 15' MacBook Pro A1286(2008) SERIES LAPTOP BATTERY,190.80
APPLE A1382 -MacBook Pro 15' inch i7 Unibody SERIES LAPTOP BATTERY,190.80
APPLE A1309 - Macbook Pro 17' SERIES LAPTOP BATTERY,190.80
APPLE A1321-MacBook Pro 15' A1286 (2009 Version) SERIES LAPTOP BATTERY,190.80
APPLE A1322-MacBook Pro 13'  (2009 Version) SERIES LAPTOP BATTERY,190.80
Macbook Air/Pro 13inch protective case,79.90
Macbook Air/Pro 13inch protective case,69.90
3M Privacy Filter Screen for MacBook Pro 15',159.00
"Speck SeeThru Satin Case for MacBook Pro 15"" Peacock Blue",130.00
Speck SeeThru Satin MacBook Pro Retina 15' Grape Purple,99.00
"Speck SeeThru MacBook Pro Retina 13"" Raspberry Pink",130.00
Speck SeeThru Case MacBook Pro Retina display 15' Harbor Blue,130.00
Mini DisplayPort DP to VGA Converter Adapter Cable for Macbook Pro,20.00
Quality 6ft Macbook Pro Audio SPDIF Digital Fiber Optic Cable,60.00
Apple 29W Magsafe USB-C Power Adapter for Macbook & iPad Pro,159.00
"Apple MacBook Pro MJLQ2ZP/A 15.4"" Laptop (i7 - 2.2Ghz, 16GB, 256GB, Intel Iris","8,159.00"
Bottom Rubber Foot For MacBook Pro A1278 A1286 A1297,11.35
Apple A1342 MacBook Pro 13' Laptop CPU Cooling Fan,99.00
Apple A1342 MacBook Pro 13' Laptop CPU Cooling Fan,99.00
"Macbook Pro New 15"" 2017 A1707 Crystal Clear Hard Case Cover",25.90
"Macbook Pro New 13"" 2017 A1706 A1708 Crystal Clear Hard Case Cover",25.90
"Macbook Pro Retina 15"" A1398 Crystal Clear Hard Case Cover",25.90
"Macbook Pro Retina 13"" A1502 Crystal Clear Hard Case Cover",25.90
"Macbook Pro 13"" A1278 Crystal Clear Hard Case Cover",25.90
Macbook Air/Pro 11/12/13.3/15 inch shockproof protective sleeve,102.80
Macbook Air/Pro 11/12/13.3/15 inch case casing cover,72.80
?????? 3 in 1 Macbook Pro Case Keyboard Cover  & Anti Dust,95.00
MacBook Pro 13-Inch / 2.9 GHZ Intel Core i7 / 8GB / 500GB,"3,200.00"
13 INCH LAPTOP BAG TABLET ZIPPER POUCH SLEEVE FOR MACBOOK AIR / PRO RETINA (BL,45.00
11INCH LAPTOP BAG TABLET ZIPPER POUCH SLEEVE FOR MACBOOK AIR / PRO RETINA (BLA,45.00
Apple MacBook Pro A1150 Battery 15' P/N: A1175,249.99
Apple MacBook Pro A1151 Battery A1189,249.99
Apple MacBook Pro A1278 Battery Unibody 13' P/N: A1322,249.99
Apple MacBook Pro A1281 Battery 15' P/N: A1281,249.99
Apple MacBook Pro A1286 Battery Unibody 15' P/N: A1382,249.99
Apple MacBook Pro A1297 Battery MacBook Pro 17' A1309,249.99
Apple MacBook Pro A1398 Battery P/N: A1417,249.99
Apple MacBook Pro MB604LL/A Battery Macbook 13' 020-6580-A A1331,249.99
Apple MacBook Pro A1150 Battery 15' P/N: A1175,249.99
Apple MacBook Pro A1151 Battery A1189,249.99
Apple MacBook Pro A1278 Battery Unibody 13' P/N: A1322,249.99
Apple MacBook Pro A1281 Battery 15' P/N: A1281,249.99
Apple MacBook Pro A1286 Battery Unibody 15' P/N: A1382,249.99
Apple MacBook Pro A1297 Battery MacBook Pro 17' A1309,249.99
Apple MacBook Pro A1398 Battery P/N: A1417,249.99
Apple MacBook Pro MB604LL/A Battery Macbook 13' 020-6580-A A1331,249.99
Apple MacBook Pro A1150 Battery 15' P/N: A1175,249.99
Apple MacBook Pro A1151 Battery A1189,249.99
Apple MacBook Pro A1278 Battery Unibody 13' P/N: A1322,249.99
Apple MacBook Pro A1281 Battery 15' P/N: A1281,249.99
Apple MacBook Pro A1286 Battery Unibody 15' P/N: A1382,249.99
Apple MacBook Pro A1297 Battery MacBook Pro 17' A1309,249.99
Apple MacBook Pro A1398 Battery P/N: A1417,249.99
Apple MacBook Pro MB604LL/A Battery Macbook 13' 020-6580-A A1331,249.99
"Apple MacBook Pro MJLQ2ZP/A 15.4"" Laptop (i7 2.2Ghz,16GB,256GB,INTEL)","7,875.00"
"Apple MLUQ2ZP/A 13.3 Inch MacBook Pro(Space Grey,i5 2.0GHz,8GB,256GB)","5,957.00"
"THULE SUBTERRA 15"" MACBOOK AIR/PRO SLEEVE - GRAY",199.00
TRANSCEND SSD JETDRIVE 725 240GB for MacBook AiR/PRO (TS240GJDM725),932.80
Apple A1342 MacBook Pro 13' Laptop CPU Cooling Fan,99.00
"Apple MacBook Pro MLUQ2ZP/A 13.3"" Laptop (i5 - 2.0GHz, 8GB, 256GB, Intel Iris,","6,172.00"
11INCH LAPTOP BAG TABLET ZIPPER POUCH SLEEVE FOR MACBOOK AIR / PRO RETINA (BLA,45.00
15 INCH LAPTOP BAG TABLET ZIPPER POUCH SLEEVE FOR MACBOOK AIR / PRO RETINA (BR,44.00
15 INCH LAPTOP BAG TABLET ZIPPER POUCH SLEEVE FOR MACBOOK AIR / PRO RETINA (RE,44.00
11INCH LAPTOP BAG TABLET ZIPPER POUCH SLEEVE FOR MACBOOK AIR / PRO RETINA (BRO,45.00
14INCH LAPTOP BAG TABLET ZIPPER POUCH SLEEVE FOR MACBOOK AIR / PRO RETINA (RED,37.00
14INCH LAPTOP BAG TABLET ZIPPER POUCH SLEEVE FOR MACBOOK AIR / PRO RETINA (BRO,37.00
14 INCH LAPTOP BAG TABLET ZIPPER POUCH FOR MACBOOK AIR / PRO,59.00
13 INCH LAPTOP BAG TABLET ZIPPER POUCH SLEEVE FOR MACBOOK AIR / PRO RETINA (BL,45.00
13 INCH LAPTOP BAG TABLET ZIPPER POUCH SLEEVE FOR MACBOOK AIR / PRO RETINA (RE,45.00
14 INCH LAPTOP BAG TABLET ZIPPER POUCH FOR MACBOOK AIR / PRO,59.00
85W Apple Macbook Pro 15 17 MagSafe 2 Adapter Charger 20V 4.25A,199.00
2nd 9.5mm SATA HDD SSD Hard Drive Caddy Bay for MacBook Pro 13 15 17,159.00
Apple Macbook Pro 13 unibody A1278 2049 Hard Drive HDD Cable Connector,199.00
APPLE MacBook Pro A1278 A1286 A1297 Bottom Feet Rubber 4 PCS Set,39.00
Thunderbolt Mini Displayport DP to VGA Adapter Cable Apple MacBook Pro,59.90
Soft Keyboard Protector Cover Skin for MacBook Pro / Air 13'/15',49.00
2m Macbook Pro Audio Toslink to Mini SPDIF Digital Fiber Optic Cable,60.00
2m Macbook Pro Audio Mini Jack to Mini SPDIF Digital Fiber Optic Cable,60.00
Apple MacBook Pro A1185 A1181 mac MA561 Laptop Battery,130.00
Apple MacBook Pro 15' A1175 A1226 A1150 A MA Laptop Battery,120.00
Apple MacBook Pro 15' A1175 MA348G/A MA463LL/A Laptop Battery,120.00
85W Apple A1172 MacBook Pro 15' 17' Power Adapter Charger,100.00
85W Apple A1226 MacBook Pro 15' 17' Power Adapter Charger,100.00
85W Apple MacBook MagSafe Pro Power Adapter Charger,100.00
85W Apple MacBook 13' 1.83/2Ghz Core Duo Pro Power Adapter Charger,100.00
APPLE RETINA DISPLAY MACBOOK PRO 85W MAGSAFE 2 POWER ADAPTER A1424,120.00
Power AC Adapter Apple MacBook Pro Retina A1424 A1398 Magsafe 2,120.00
20V 4.25A 85W MagSafe2 Power Adapter For Apple MacBook Pro A1398 A1424,120.00
60W Magsafe 2 Power Adapter Macbook Air Pro Retina 13' Air,100.00
60W Magsafe 2 Power Adapter Macbook Air Pro Retina 13' Air,100.00
60W Magsafe 2 Power Adapter Macbook Air Pro Retina MD565,100.00
60W Magsafe 2 Power Adapter Macbook Air Pro Retina A1425,100.00
60W Magsafe 2 Power Adapter Macbook Air Pro Retina A1435 A1466 A1465,100.00
85W Apple A1286 MacBook Pro Power Adapter Charger,120.00
Apple Magsafe 60W Macbook Pro 13 15 5V Adapter Charger w Plug,100.00
"Apple MacBook Pro 13"" A1322 A1278 MC724 Laptop Replacement Battery",160.00
Apple MacBook Pro 13' MC700 MC724 MC724 Laptop Replacement Battery,160.00
"Apple MacBook Pro 15"" A1321 A1286 2009~ Unibody Replacement Battery",160.00
Apple MacBook Pro 15' MB986 MC118 MB985CH A1321 OEM Battery,160.00
Apple Magsafe 60W Macbook Pro 13 15  Adapter Charger w extension cord,135.00
85W Apple A1286  MacBook Pro Power Adapter Charger w Extension Cord,145.00
 85W MagSafe 2 Power Adapter For Apple MacBook Pro Retina w ext cord,145.00
"MacBook Pro 15"" A1281 A1286 (2008) Aluminum Unibody Battery",175.00
MacBook Pro 15' A1281 A1286 (2008) MB470*/A Alu Unibody Battery,175.00
 Apple MacBook Air Pro 13' 15' 17' A1331 A1342 Unibody Battery,175.00
 Apple MacBook Air Pro 13' A1405 A1369 A1466 Battery,245.00
Apple MacBook Air Pro 13' A1405 A1377 A1496 MC503 A1466 Battery,245.00
Apple MacBook Pro 15' i7 A1286 A1382 2011 2012 Battery,200.00
Apple MacBook Air Pro 11' A1406 A1370 A1465 Battery,245.00
Apple MacBook Air Pro 11' A1370 late 2010 A1375 Battery,245.00
Apple MacBook Pro 15 A1398 2012 2013 A1417 Battery with Screw Driver,245.00
Apple MacBook Pro A1185 A1181 mac MA561 Laptop Battery,150.00
2nd HDD caddy Apple MacBook Pro OptiBay SuperDrive SATA II,60.00
2nd HDD caddy Apple MacBook Pro OptiBay for 1.8' SSD,100.00
USB External Cable + 2nd HDD caddy Apple MacBook Pro OptiBay SuperDriv,100.00
IDE / PATA 2nd HDD caddy Apple MacBook Pro OptiBay SuperDrive,60.00
Apple Macbook Pro Mac 2nd hdd Module Caddy + Superdrive USB Enclosure,100.00
Apple Macbook Pro Mac Superdrive USB Enclosure White SATA 2009 2010 20,55.00
High End Apple Macbook Pro Mac 2nd hdd Module Caddy SATA Unibody,60.00
SATA 3.0 2nd HDD caddy Optibay for Apple MacBook Pro Unibody,60.00
SATA 3.0 / 2.0 Optibay for Apple MacBook Pro Unibody SSD Replacement,60.00
USB Ext Cable + SATA 3.0 / 2.0 Optibay for Apple MacBook Pro Unibody S,80.00
USB Enclosure + SATA 3.0 Optibay for Apple MacBook Pro Unibody,100.00
SATA 3.0 / 2.0 Optibay for Apple MacBook Pro Unibody SSD Replacement,60.00
Apple SATA 3.0 III Optibay MacBook Pro Air Unibody,60.00
USB External Cable+Apple SATA 3.0 III Optibay MacBook Pro Air Unibody,80.00
Soft Keyboard Protector Cover Skin for MacBook Pro / Air 13/15/17in,35.90
NEW MacBook Pro 15 15.6 A1707 Matte Frosted Hard Case Cover,28.00
Apple MacBook Pro Mid 2007 17-inch Santa Rosa 58w adapter charger,139.00
Apple MacBook Pro Late 2006 58w adapter charger,139.00
"Apple MacBook Pro 15.4-inch Glossy, 17-inch 58w adapter charger",139.00
Apple MacBook Pro Core Duo 1.67 15-inch 58w adapter charger,139.00
"Apple MacBook Pro MA896LL, MA897LL/A 58w adapter charger",139.00
"Apple MacBook Pro MA895LL/A, MA896LL/A, MA895LL 58w adapter charger",139.00
"Apple MacBook Pro MA609LL, MA610LL, MA611LL/A 58w adapter charger",139.00
"Apple MacBook Pro MA609LL, MA610LL, MA611LL/A 58w adapter charger",139.00
"Apple MacBook Pro MA092LL/A, MA600LL, MA601LL 58w adapter charger",139.00
"Apple MacBook Pro MA463LL/A, MA464LL/A, MA090LL 58w adapter charger",139.00
"New Apple MacBook Pro Unibody 17"" A1297 Keyboard UK Keyboard Black",169.60
"Keyboard for Apple Macbook Pro 15"" Backlit A1286 2009 2010 2011",169.60
"For Apple MacBook Pro 13"" Retina A1425 2012 2013 - UK Keyboard ",169.60
"FOR APPLE MACBOOK PRO A1278 13.3"" SERIES KEYBOARD (US) ",169.60
MacBook PRO 13 Inch (A1278) Matte Hard Cover Case - Black,69.00
MacBook PRO 13 Inch (A1278) Matte Hard Cover Case - Blue,69.00
MacBook PRO 13 Inch (A1278) Matte Hard Cover Case - Red,69.00
MacBook PRO 13 Inch (A1278) Matte Hard Cover Case - White,69.00
MacBook PRO 15 Inch Matte Hard Cover Case - Black,79.00
MacBook PRO 15 Inch Matte Hard Cover Case - Blue,79.00
MacBook PRO 15 Inch Matte Hard Cover Case - Red,79.00
MacBook PRO 15 Inch Matte Hard Cover Case - White,79.00
MacBook PRO Retina 13 Inch (A1502) Matte Hard Cover Case - Black,69.00
MacBook PRO Retina 13 Inch (A1502) Matte Hard Cover Case - Pink,69.00
MacBook PRO Retina 13 Inch (A1502) Matte Hard Cover Case - Red,69.00
MacBook PRO Retina 13 Inch (A1502) Matte Hard Cover Case - White,69.00
"Transcend  128GB JetDrive Lite 360 - 15"" MacBook Pro Retina  Late 2013",369.00
"Transcend  64GB JetDrive Lite 360 - 15"" MacBook Pro Retina (Late 2013)",189.00
"Transcend 128GB JetDrive Lite 350 Memory Card 15"" MacBook Pro Mid2012",369.00
"Transcend  64GB JetDrive Lite 350 Memory Card 15"" MacBook Pro Mid 2012",189.00
"Transcend Jet Drive Lite 330 64GB for Macbook Pro Retina 13""",189.00
MacBook Pro Keyboard Protector Cover - Anti Dust or Water Spill,39.00
NEW ORIGINAL - Apple Macbook Pro 15' i7 Unibody A1382 77.5Wh battery,399.00
Mini Display Port DP To HDMI Adapter Cable For Mac Macbook Pro Air,59.00
"Transcend Jet Drive Lite 330 64GB for Macbook Pro Retina 13""",249.00
Apple MacBook Pro A1322 A1184 A1181 A1330 Power Adapter Charger,149.00
Hard Case sleeve For Macbook Pro 13,30.00
Hard Case Clear sleeve For Macbook Pro 13,30.00
Hard Case Flag Design sleeve For Macbook Pro 13,30.00
"MacBook 12"" A1534 MacBook Pro 13"" New A1708 Clear Soft Ultra Thin TPU ",9.90
For Apple MacBook Pro 15' A1286 MC721 Series 2012 Year Laptop Battery,200.00
Cartinoe Macbook Pro Air 11 12 13 15 Sleeve Case Charger Bag Cover,88.80
"3M Privacy Filter for MacBook Pro 15"" with Retina Display",159.00
"3M Privacy Filter for MacBook Pro 13"" with Retina Display",139.00
STM Dux Hardshell Case for 13' Macbook Pro Retina (Chili),210.80
STM Dux Hardshell Case for 13' Macbook Pro Retina (Moroccan Blue),210.80
[11/06] Apple Macbook Pro MJLQ2ZP/A *i7-2.2Ghz/16G/256SSD* (15??? Retina,"7,875.80"
[11-Jun] Apple Macbook Pro MJLQ2ZP/A *Intel i7 2.2Ghz/256G* (Silver),"7,875.80"
MacBook Air Retina 11.6 12 13.3 15 Pro Canvas Bag Case Cover Casing,51.80
Apple 85W MagSafe 2 Power Adapter (For 15 Inch Macbook Pro Retina Display) - M,385.84
Keyboard Protector Silicon Skin-For Apple Macbook Pro Air 13.3 Inch,20.00
For Macbook Pro A1278 2009 2010 Hard Drive HDD Cable,75.00
For Macbook Pro A1278 2011 Hard Drive HDD Cable,75.00
For MacBook Pro A1278 2012 Hard Drive HDD Cable,75.00
Apple A1342 MacBook Pro 13' Laptop CPU Cooling Fan,99.00
Apple MacBook Pro Late 2007 15.4-inch Santa Rosa 58w adapter charger,139.00
Apple MacBook Pro Mid 2007 17-inch Santa Rosa 58w adapter charger,139.00
Apple MacBook Pro Late 2006 58w adapter charger,139.00
"Apple MacBook Pro 15.4-inch Glossy, 17-inch 58w adapter charger",139.00
Apple MacBook Pro Core Duo 1.67 15-inch 58w adapter charger,139.00
"Apple MacBook Pro MA896LL, MA897LL/A 58w adapter charger",139.00
"Apple MacBook Pro MA895LL/A, MA896LL/A, MA895LL 58w adapter charger",139.00
"Apple MacBook Pro MA609LL, MA610LL, MA611LL/A 58w adapter charger",139.00
"Apple MacBook Pro MA609LL, MA610LL, MA611LL/A 58w adapter charger",139.00
"Apple MacBook Pro MA092LL/A, MA600LL, MA601LL 58w adapter charger",139.00
"Apple MacBook Pro MA463LL/A, MA464LL/A, MA090LL 58w adapter charger",139.00
"Apple MacBook Pro 17-inch, Late 2006, 85w adapter charger",139.00
Apple MacBook Pro Late 2007 15.4-inch Santa Rosa 85w adapter charger,139.00
Apple MacBook Pro Mid 2007 17-inch Santa Rosa 85w adapter charger,139.00
Apple MacBook Pro 15.4-inch Glossy 85w adapter charger,139.00
APPLE MACBOOK PRO 18.5V 4.6A MAGNET LAPTOP ADAPTER CHARGER,139.00
"Apple MacBook Pro MA895LL, MA896LL, MA897LL/A 85w adapter charger",139.00
"Apple MacBook Pro MA895LL/A, MA896LL/A 85w adapter charger",139.00
"Apple MacBook Pro  MA610LL, MA611LL/A 85w adapter charger",139.00
"Apple MacBook Pro MA600LL, MA601LL, MA609LL 85w adapter charger",139.00
"Apple MacBook Pro MA090LL, MA092LL/A 85w adapter charger",139.00
"Apple MacBook Pro MA463LL/A, MA464LL/A 85w adapter charger",139.00
"15"" Jean Series Carry Case Bag MacBook UltraBook Surface Pro",29.90
"13"" Jean Series Carry Case Bag MacBook UltraBook Surface Pro",29.90
"11"" Jean Series Carry Case Bag MacBook UltraBook Surface Pro",29.90
"APPLE MacBook Pro 17"" A1297 A1309 Battery",229.90
"APPLE MacBook Pro 17"" A1297 A1383 Battery",229.90
[11/06] Apple Macbook Pro MLL42ZP/A *i5 2.0GHz/8G/256G* (13??? Grey),"5,957.20"
[11/06] Apple Macbook Pro MLUQ2ZP/A *i5 2.0GHz/8G/256G* (13??? Silver),"5,957.20"
[11-Jun] Apple Macbook Pro 2017 MLL42ZP/A *Intel i5 2.0Ghz/256* (Grey),"5,957.20"
[11-Jun] Apple Macbook Pro 2017 MLUQ2ZP/A *Intel i5 2.0Ghz/256* (Sil),"5,957.20"
"MacBook Pro 17"" A1297 Speaker Left Right Set",129.90
Apple MacBook Pro 13 A1322 A1278 MC724 Laptop Replacement Battery,259.00
"Macbook Pro Retina New 15.6"" A1707 Frosted Hard Case Cover Matte",25.90
"Macbook Pro New 13.3"" A1706 A1708 Frosted Hard Case Cover Matte",25.90
"Macbook Pro Retina 15.6"" A1398 Frosted Hard Case Cover Matte",25.90
"Macbook Pro Retina 13.3"" A1502 Frosted Hard Case Cover Matte",25.90
"Macbook Pro 13.3"" A1278 Frosted Hard Case Cover Matte",25.90
TRANSCEND SSD JETDRIVE 520 960GB for MacBook AiR/PRO (TS960GJDM520),"2,594.88"
Ori Apple 60W MagSafe 2 Power Adapter Charger A1435 MacBook Pro Air,299.00
Apple MacBook Pro 15 inch Matte Plastic Hard Case Cover Shell,169.00
Genuine Apple 85W MagSafe 2 Power Adapter Charger A1424 MacBook Pro 15,299.00
Genuine Apple 85W MagSafe Power Adapter Charger A1343 MacBook Pro,299.00
For Apple MacBook Pro A1181 CPU Cooling Fan,120.00
For Apple MacBook Pro A1260 A1211 A1226 A1151 Left CPU Cooling Fan,130.00
For Apple MacBook Pro A1260 A1211 A1226 A1151 Right CPU Cooling Fan,130.00
For Apple Macbook Pro 13' A1278 CPU Cooling Fan,79.00
For Apple Macbook Pro 15' A1286 Left Cooling CPU Fan,98.00
For Apple Macbook Pro 15' A1286 Right Cooling CPU Fan,98.00
"For Apple Macbook Pro 15"" A1398 2012 Left Fan",120.00
"For Apple Macbook Pro 15"" A1398 2012 Right Fan",120.00
For Apple Macbook Pro 13' A1425 MD212 MD213 Right Cooling CPU Fan,89.00
For Apple Macbook Pro 13' A1425 MD212 MD213 Left Cooling CPU Fan,120.00
For Apple Macbook Pro A1278 A1286 A1297?Foot Lead Rubber,18.00
For Apple Macbook Pro A1278 MB990 MB991 2009 LCD LED Cable,79.00
For Apple Macbook Pro A1278 2009 2010 LCD LED Cable,79.00
For Apple Macbook Pro A1278 MD313 314 2011 LCD LED Cable,79.00
For Apple Macbook Pro A1286 2008 2009 LCD LED Cable,150.00
For Apple Macbook Pro A1286 MC371 MC373 MC721 LCD LED Cable,150.00
For Apple Macbook Pro A1286 MD103 MD104 2012 LCD LED Cable,150.00
For Apple MacBook Pro Retina A1398 ME665LL/A LCD LED Cable,79.00
For Macbook Pro Retina A1425 2012 LCD LED Cable,150.00
For Apple MacBook Pro A1278 2009 2010 2011 2012 LCD Hinge,80.00
For Apple MacBook Pro 15' A1286 2008 2009 LCD Hinge,80.00
For Apple Macbook Pro A1278 A1286 A1297 Hinge Screw,25.00
For MacBook Pro A1278 2009 2010 2011 2012 Keyboard,99.00
For Macbook Pro A1286 MB470 MB471 2008 Keyboard,180.00
For Apple Macbook Pro A1297 2009 2010 2011 HDD Cable,150.00
For Apple MacBook Pro 15' A1286 2012 Hard Drive HDD Cable,79.00
For Apple Macbook Pro A1425 2012 Hard drive HDD Cable,160.00
For Apple MacBook Pro 15' A1286 2009 Hard Drive HDD Cable,79.00
For Apple MacBook Pro 15' A1286 2011 Hard Drive HDD Cable,79.00
??? stm: dux hardshell macbook (+ air & pro retina) case,211.00
85W Apple A1286 MacBook Pro Power Adapter Charger,95.00
85W Apple A1286 MacBook Pro Power Adapter Charger,95.00
Apple MacBook Air Pro 13' A1405 A1377 A1496 MC503 A1466 Battery,245.00
Apple MacBook Pro 15' i7 A1286 A1382 2011 2012 Battery,200.00
Apple MacBook Air Pro 11' A1406 A1370 A1465 Battery,245.00
Apple MacBook Air Pro 11' A1370 late 2010 A1375 Battery,245.00
TRANSCEND SSD JETDRIVE 720 960GB for MacBook AiR/PRO (TS960GJDM720),"2,594.88"
TRANSCEND Memory JETDRIVE LITE 360 64GB MACBOOK PRO (TS64GJDL360),164.30
TRANSCEND SSD JETDRIVE 520 480GB for MacBook AiR/PRO (TS480GJDM520),"1,451.14"
TRANSCEND SSD JETDRIVE 720 240GB for MacBook AiR/PRO (TS240GJDM720),"1,040.92"
TRANSCEND Memory JETDRIVE LITE 360 64GB MACBOOK PRO (TS64GJDL350),156.88
TRANSCEND SSD JETDRIVE 500 480GB for MacBook AiR/PRO (TS480GJDM500),"1,451.14"
TRANSCEND SSD JETDRIVE 500 960GB for MacBook AiR/PRO (TS960GJDM500),"2,594.88"
Apple MacBook Air Pro 11' A1406 A1370 A1465 Battery,245.00
Apple MacBook Air Pro 11' A1370 late 2010 A1375 Battery,245.00
MacBook Pro Retina 15.6 A1382 Heat Shock Protection PU Case,39.90
Macbook Pro 13.3 A1278 Frosted Hard Case Cover Rainbow Matte,29.90
"MacBook Pro Retina 15"" A1707 Heat Shock Protection PU Case",39.90
"MacBook Pro Retina 13"" A1708 A1706 Heat Shock Protection PU Case",39.90
"Macbook Pro Retina 15"" A1707 Rainbow Frosted Hard Case",29.90
